Designator,Footprint,Quantity,Value,LCSC Part #
"C1, C136",0805,2,4.7u 25V,C1779
"C10, C11, C114, C12, C127, C129, C13, C130, C14, C16, C17, C18, C197, C198, C199, C2, C200, C26, C265, C266, C267, C268, C269, C28, C30, C34, C35, C5, C7, C8, C9",0402,31,100n 50V,C307331
"C100, C39, C40, C43, C44, C47, C48, C51, C52, C55, C56, C59, C60, C63, C64, C67, C68, C71, C72, C75, C76, C79, C80, C83, C84, C87, C88, C91, C92, C95, C96, C99",0402,32,1n,
"C101, C38, C41, C42, C45, C46, C49, C50, C53, C54, C57, C58, C61, C62, C65, C66, C69, C70, C73, C74, C77, C78, C81, C82, C85, C86, C89, C90, C93, C94, C97, C98",0402,32,100p,C1546
C102,0402,1,910p,
"C103, C104",0805,2,22u 25 V,C45783
C105,C_Elec_6.3x7.7,1,220u,
C106,1206,1,2.2u 100 V,
C107,0402,1,1u 25V,C52923
"C108, C138, C141, C144, C149, C153, C157, C161, C165, C166, C173, C174, C181, C182, C189, C190, C201, C202, C203, C204, C217, C218, C219, C220, C233, C234, C235, C236, C249, C250, C251, C252, C37, R77",0402,34,placeholder,
"C109, C110, C111, C112, C113, C128, C4",0805,7,10u 25V,C15850
"C115, C116, C117, C118, C119, C120, C121, C122, C123, C124, C125, C126, C25, C27, C29, C31",0603,16,1u 50V,C15849
"C131, C137, C140, C143, C150, C154, C158, C162, C167, C168, C175, C176, C183, C184, C191, C192, C205, C206, C207, C208, C221, C222, C223, C224, C237, C238, C239, C240, C253, C254, C255, C256",0402,32,10p C0G,C32949
"C132, C133, C139, C142, C145, C146, C147, C148, C151, C152, C155, C156, C159, C160, C163, C164, C169, C170, C171, C172, C177, C178, C179, C180, C185, C186, C187, C188, C193, C194, C195, C196, C209, C210, C211, C212, C213, C214, C215, C216, C225, C226, C227, C228, C229, C230, C231, C232, C241, C242, C243, C244, C245, C246, C247, C248, C257, C258, C259, C260, C261, C262, C263, C264",0402,64,4.7n C0G,C1518204
C134,C_Elec_10x10.2,1,47u,
C135,0805,1,100n 100V,C28233
"C15, C3, C6",1206,3,47u,C96123
"C19, C20",0402,2,33p,C1562
"C21, C22",0402,2,18p,C1549
"C23, C24",0402,2,33 pF,C1562
C32,0402,1,470p 50V,C1537
"C33, C36",1206,2,1n 2000V,C9196
CN1,CONN-TH_10P-P1.27_HX-JN1.27-2X5P-ZZ-H4.9,1,HX JN1.27-2X5P ZZ H4.9,C42372547
"D1, D2",0805,2,LED,
"D10, D11, D12, D13, D14, D15, D16, D17, D18, D19, D20, D21, D22, D23, D24, D25, D26, D27, D28, D29, D30, D31, D32, D33, D34, D35, D36, D5, D6, D7, D8, D9",D_SOD-923,32,"DF2S30FS,L3M",C1973663
"D100, D101, D102, D103, D104, D105, D106, D107, D41, D42, D43, D44, D45, D46, D82, D83, D84, D85, D86, D87, D88, D89, D90, D91, D92, D93, D94, D95, D96, D97, D98, D99",SOT-23_L2.9-W1.3-P1.90-LS2.4-BR,32,BAV199LT1G,C145516
"D3, D4",0805,2,GREEN,C2297
D37,D_SOD-123F,1,US1MFA,C894760
D38,SMB(DO-214AA),1,VS-10BQ060-M3/5BT,C469520
D39,D_SMB,1,SMBJ58A,C157526
"D79, D81",D_SOD-123F,2,DSL34,C22466347
D80,SOT-23(1-3),1,MMBZ5256ELT1G,
FB4,0402,1,BLM15AG221SN1D,C85813
J2,pxc_1713856_02_01_DMC-1-5-19-G1F-3-5-LR-P26THR,1,"DMC 1,5/19-G1F-3,5-LR P26THR",
J3,PinHeader_1x06_P2.54mm_Vertical,1,Conn_01x06_Pin,
L1,1210,1,1u,
"Q3, Q4, Q5, Q6",SOT-23-3_L2.9-W1.6-P1.90-LS2.8-BR,4,BSS138LT1G,C82045
"R1, R105, R12, R14, R15, R16, R17, R18, R23, R24, R25, R26, R30, R7, R84, R85, R86, R87, R88, R89, R9, R90, R94, R95, R96, R97, R98, R99",0402,28,10k,C25744
"R10, R11",0402,2,R,
R100,0603,1,240k,C4197
"R101, R32",0402,2,100,C25076
"R102, R81, R82, R91",0402,4,100k,C25741
R103,0603,1,300,C25102
R104,0603,1,13k,C22797
R106,0402,1,330k,C25778
R107,0603,1,200,C25087
"R108, R19, R21, R22",0402,4,33,C25105
R109,0402,1,33k,C25779
"R110, R113, R116, R119, R126, R130, R134, R138, R143, R144, R151, R152, R159, R160, R167, R168, R177, R178, R179, R180, R193, R194, R195, R196, R209, R210, R211, R212, R225, R226, R227, R228",0402,32,348k,C4135252
"R111, R112, R115, R118, R121, R122, R123, R124, R127, R128, R131, R132, R135, R136, R139, R140, R145, R146, R147, R148, R153, R154, R155, R156, R161, R162, R163, R164, R169, R170, R171, R172, R181, R182, R183, R184, R185, R186, R187, R188, R197, R198, R199, R200, R201, R202, R203, R204, R213, R214, R215, R216, R217, R218, R219, R220, R229, R230, R231, R232, R233, R234, R235, R236, R44, R45, R46, R47, R48, R49, R50, R51, R52, R53, R54, R55, R56, R57, R58, R59, R60, R61, R62, R63, R64, R65, R66, R67, R68, R69, R70, R71, R72, R73, R74, R75",0402,96,1k,C11702
"R114, R117, R120, R125, R129, R133, R137, R141, R142, R149, R150, R157, R158, R165, R166, R173, R174, R175, R176, R189, R190, R191, R192, R205, R206, R207, R208, R221, R222, R223, R224, R43",0402,32,1M,C1883577
"R13, R27, R28",0402,3,1.5k,C25867
"R2, R33, R34, R35, R36, R37, R38",0402,7,0,C17168
"R20, R79",0402,2,12k,C25752
"R29, R31",0603,2,51,C23197
"R3, R4, R5, R6",0603,4,27,C25190
"R39, R40, R41, R42",0402,4,75,C25133
R76,0402,1,56k,C25796
R78,0402,1,68k,C36871
R8,0603,1,270,C22966
R80,0603,1,300k,C23024
R83,0603,1,68k,C23231
"R92, R93",0402,2,5.1k,C25905
RJ1,RJ45-TH_HC-WK88-H16-DB,1,HC-WK88-H16-DB,C7501824
"SW1, SW2",SW-SMD_4P-L4.5-W4.5-P3.00-LS7.5,2,TS110926043,C22375349
T1,XFMR-SMD_H1102NLT,1,H1102NLT,C18584
T2,POE30P-50L,1,POE30P-50L,
U1,TQFP100_4SB_6p3EP_MCH,1,PIC32CK1025GC01100-I/4SB,
"U10, U11, U8, U9",WQFN16_RTE_TEX,4,TLA2518IRTER,C1855741
U12,DFN12_4X3_MCH,1,PD70100ILD-TR,C5237659
U13,FILTER-SMD_4P-L0.8-W0.6-TL_DLP0NSC280HL2L,1,DLM0NSN500HY2D,C913480
U14,VSSOP-8_L2.3-W2.0-P0.50-LS3.1-BR,1,TXU0202DCUR,C5186957
U15,SD-SMD_MLD-TF-PUSH-H18,1,MLD-TF PUSH-H18,C52750848
"U16, U17, U6",SOT-23-6_Handsoldering,3,TPUSBLC6-4SC6,C558419
"U18, U19, U20, U21, U22, U23, U24, U25",TSSOP-14_L5.0-W4.4-P0.65-LS6.4-BL,8,TLV9004IPWR,C2058050
U2,QFN24-6X6_MC_MCH,1,LAN8720A-CP,C45223
"U3, U4",CDHD01,2,CDHD01,C17566697
U5,QFN-14_MP6004_MNP,1,MP6004GQ-P,
U7,DDC0006A-IPC_A,1,TPS62A01PDDCR,C42267816
USB1,USB-C-SMD_HYCW498-USBC16-735B,1,HYCW498-USBC16-735B,C42400252
X1,CRYSTAL-SMD_4P-L3.2-W2.5-BL-2,1,X322525MSB4SI,C13740
X2,FC-135R_L3.2-W1.5,1,Q13FC1350000400,C32346
X3,CRYSTAL-SMD_4P-L3.2-W2.5-BL,1,X322512MSB4SI,C9002
