Designator,Mid X,Mid Y,Rotation,Layer
C1,160.75,-95.0,90.0,top
C10,176.5,-92.5,90.0,top
C101,200.5,-143.5,270.0,top
C102,183.75,-68.4708,90.0,top
C103,178.75,-87.25,90.0,top
C104,176.25,-87.25,90.0,top
C105,171.25,-87.25,270.0,top
C106,180.55,-59.2208,180.0,top
C107,177.55,-63.9708,90.0,top
C109,192.0,-88.5,0.0,top
C11,183.5,-100.424348,0.0,top
C110,190.45,-99.0,180.0,top
C111,190.45,-104.0,180.0,top
C112,190.45,-101.5,180.0,top
C113,148.5375,-103.5,90.0,top
C114,147.0375,-104.0,90.0,top
C115,148.0,-116.75,0.0,top
C116,148.0,-115.0,0.0,top
C117,148.0,-118.27,0.0,top
C118,167.0,-116.75,0.0,top
C119,167.0,-115.0,0.0,top
C12,183.5,-103.424348,0.0,top
C120,167.0,-118.27,0.0,top
C121,186.0,-116.75,0.0,top
C122,186.0,-115.0,0.0,top
C123,186.0,-118.27,0.0,top
C124,205.0,-116.75,0.0,top
C125,205.0,-115.0,0.0,top
C126,205.0,-118.27,0.0,top
C127,194.25,-72.75,0.0,top
C128,194.0,-74.5,0.0,top
C129,202.75,-91.5,0.0,top
C13,176.0,-111.5,180.0,top
C130,202.75,-96.75,0.0,top
C131,140.25,-137.75,180.0,top
C132,132.75,-124.25,270.0,top
C133,151.75,-124.25,270.0,top
C134,171.25,-63.75,90.0,top
C135,165.5,-72.2992,270.0,top
C136,168.2,-70.25,0.0,top
C137,159.25,-137.75,180.0,top
C139,170.75,-124.25,270.0,top
C14,170.25,-112.0,270.0,top
C140,178.25,-137.75,180.0,top
C142,189.75,-124.25,270.0,top
C143,197.25,-137.75,180.0,top
C145,132.75,-122.25,90.0,top
C146,151.75,-122.25,90.0,top
C147,170.75,-122.25,90.0,top
C148,189.75,-122.25,90.0,top
C15,183.2,-92.25,90.0,top
C150,140.25,-129.75,180.0,top
C151,135.0,-124.25,270.0,top
C152,135.0,-122.25,90.0,top
C154,159.25,-129.75,180.0,top
C155,154.0,-124.25,270.0,top
C156,154.0,-122.25,90.0,top
C158,178.25,-129.75,180.0,top
C159,173.0,-124.25,270.0,top
C16,162.75,-99.0,0.0,top
C160,173.0,-122.25,90.0,top
C162,197.25,-129.75,180.0,top
C163,192.0,-124.25,270.0,top
C164,192.0,-122.25,90.0,top
C167,133.25,-137.75,0.0,top
C168,133.25,-129.75,0.0,top
C169,137.5,-124.25,270.0,top
C17,173.5,-92.5,90.0,top
C170,139.75,-124.25,270.0,top
C171,137.5,-122.25,90.0,top
C172,139.75,-122.25,90.0,top
C175,152.25,-137.75,0.0,top
C176,152.25,-129.75,0.0,top
C177,156.5,-124.25,270.0,top
C178,158.75,-124.25,270.0,top
C179,156.5,-122.25,90.0,top
C18,183.5,-98.924348,0.0,top
C180,158.75,-122.25,90.0,top
C183,171.25,-137.75,0.0,top
C184,171.25,-129.75,0.0,top
C185,175.5,-124.25,270.0,top
C186,177.75,-124.25,270.0,top
C187,175.5,-122.25,90.0,top
C188,177.75,-122.25,90.0,top
C19,159.0,-103.75,180.0,top
C191,190.25,-137.75,0.0,top
C192,190.25,-129.75,0.0,top
C193,194.5,-124.25,270.0,top
C194,196.75,-124.25,270.0,top
C195,194.5,-122.25,90.0,top
C196,196.75,-122.25,90.0,top
C197,150.5,-133.75,270.0,top
C198,169.5,-133.75,270.0,top
C199,188.5,-133.75,270.0,top
C2,162.75,-97.5,0.0,top
C20,159.0,-98.75,0.0,top
C200,207.5,-133.75,270.0,top
C205,149.5,-137.75,180.0,top
C206,149.5,-129.75,180.0,top
C207,142.5,-137.75,0.0,top
C208,142.5,-129.75,0.0,top
C209,142.0,-124.25,270.0,top
C21,185.5,-106.25,0.0,top
C210,144.25,-124.25,270.0,top
C211,146.75,-124.25,270.0,top
C212,149.0,-124.25,270.0,top
C213,142.0,-122.25,90.0,top
C214,144.25,-122.25,90.0,top
C215,146.75,-122.25,90.0,top
C216,149.0,-122.25,90.0,top
C22,185.5,-108.5,0.0,top
C221,168.5,-137.75,180.0,top
C222,168.5,-129.75,180.0,top
C223,161.5,-137.75,0.0,top
C224,161.5,-129.75,0.0,top
C225,161.0,-124.25,270.0,top
C226,163.25,-124.25,270.0,top
C227,165.75,-124.25,270.0,top
C228,168.0,-124.25,270.0,top
C229,161.0,-122.25,90.0,top
C23,136.75,-94.75,0.0,top
C230,163.25,-122.25,90.0,top
C231,165.75,-122.25,90.0,top
C232,168.0,-122.25,90.0,top
C237,187.5,-137.75,180.0,top
C238,187.5,-129.75,180.0,top
C239,180.5,-137.75,0.0,top
C24,136.75,-89.75,180.0,top
C240,180.5,-129.75,0.0,top
C241,180.0,-124.25,270.0,top
C242,182.25,-124.25,270.0,top
C243,184.75,-124.25,270.0,top
C244,187.0,-124.25,270.0,top
C245,180.0,-122.25,90.0,top
C246,182.25,-122.25,90.0,top
C247,184.75,-122.25,90.0,top
C248,187.0,-122.25,90.0,top
C25,149.25,-84.5,90.0,top
C253,206.5,-137.75,180.0,top
C254,206.5,-129.75,180.0,top
C255,199.5,-137.75,0.0,top
C256,199.5,-129.75,0.0,top
C257,199.0,-124.25,270.0,top
C258,201.25,-124.25,270.0,top
C259,203.75,-124.25,270.0,top
C26,147.5,-85.0,90.0,top
C260,206.0,-124.25,270.0,top
C261,199.0,-122.25,90.0,top
C262,201.25,-122.25,90.0,top
C263,203.75,-122.25,90.0,top
C264,206.0,-122.25,90.0,top
C265,141.25,-133.75,270.0,top
C266,160.25,-133.75,270.0,top
C267,179.25,-133.75,270.0,top
C268,198.25,-133.75,270.0,top
C269,157.25,-98.02,90.0,top
C27,140.55,-85.7158,180.0,top
C28,141.05,-87.2158,180.0,top
C29,145.8,-94.7158,180.0,top
C3,161.0,-109.5,180.0,top
C30,144.3,-92.7158,270.0,top
C31,141.05,-92.2158,180.0,top
C32,141.05,-90.7158,180.0,top
C33,131.75,-64.0,270.0,top
C34,147.7,-82.9,270.0,top
C35,141.8,-83.0,270.0,top
C36,152.75,-64.0,90.0,top
C38,138.5,-143.5,270.0,top
C4,185.75,-104.0,90.0,top
C41,140.5,-143.5,270.0,top
C42,142.5,-143.5,270.0,top
C45,144.5,-143.5,270.0,top
C46,146.5,-143.5,270.0,top
C49,148.5,-143.5,270.0,top
C5,183.5,-104.924348,0.0,top
C50,150.5,-143.5,270.0,top
C53,152.5,-143.5,270.0,top
C54,154.5,-143.5,270.0,top
C57,156.5,-143.5,270.0,top
C58,158.5,-143.5,270.0,top
C6,184.75,-110.5,0.0,top
C61,160.5,-143.5,270.0,top
C62,162.5,-143.5,270.0,top
C65,164.5,-143.5,270.0,top
C66,166.5,-143.5,270.0,top
C69,168.5,-143.5,270.0,top
C7,162.5,-105.75,180.0,top
C70,170.5,-143.5,270.0,top
C73,172.5,-143.5,270.0,top
C74,174.5,-143.5,270.0,top
C77,176.5,-143.5,270.0,top
C78,178.5,-143.5,270.0,top
C8,162.75,-100.5,0.0,top
C81,180.5,-143.5,270.0,top
C82,182.5,-143.5,270.0,top
C85,184.5,-143.5,270.0,top
C86,186.5,-143.5,270.0,top
C89,188.5,-143.5,270.0,top
C9,170.0,-92.5,90.0,top
C90,190.5,-143.5,270.0,top
C93,192.5,-143.5,270.0,top
C94,194.5,-143.5,270.0,top
C97,196.5,-143.5,270.0,top
C98,198.5,-143.5,270.0,top
CN1,202.79,-110.615,0.0,top
D1,153.0,-106.25,0.0,top
D10,149.0,-145.0,0.0,top
D100,185.75,-140.25,90.0,top
D101,185.75,-127.25,270.0,top
D102,182.25,-140.25,90.0,top
D103,182.25,-127.25,270.0,top
D104,204.75,-140.25,90.0,top
D105,204.75,-127.25,270.0,top
D106,201.25,-140.25,90.0,top
D107,201.25,-127.25,270.0,top
D11,151.0,-145.0,0.0,top
D12,153.0,-145.0,0.0,top
D13,155.0,-145.0,0.0,top
D14,157.0,-145.0,0.0,top
D15,159.0,-145.0,0.0,top
D16,161.0,-145.0,0.0,top
D17,163.0,-145.0,0.0,top
D18,165.0,-145.0,0.0,top
D19,167.0,-145.0,0.0,top
D2,153.0,-100.25,0.0,top
D20,169.0,-145.0,0.0,top
D21,171.0,-145.0,0.0,top
D22,173.0,-145.0,0.0,top
D23,175.0,-145.0,0.0,top
D24,177.0,-145.0,0.0,top
D25,179.0,-145.0,0.0,top
D26,181.0,-145.0,0.0,top
D27,183.0,-145.0,0.0,top
D28,185.0,-145.0,0.0,top
D29,187.0,-145.0,0.0,top
D3,136.75,-88.0,0.0,top
D30,189.0,-145.0,0.0,top
D31,191.0,-145.0,0.0,top
D32,193.0,-145.0,0.0,top
D33,195.0,-145.0,0.0,top
D34,197.0,-145.0,0.0,top
D35,199.0,-145.0,0.0,top
D36,201.0,-145.0,0.0,top
D37,181.0,-68.25,180.0,top
D38,182.0,-86.25,90.0,top
D39,161.0,-60.5,0.0,top
D4,136.75,-85.75,0.0,top
D41,138.5,-140.25,90.0,top
D42,157.5,-140.25,90.0,top
D43,138.5,-127.25,270.0,top
D44,176.5,-140.25,90.0,top
D45,157.5,-127.25,270.0,top
D46,195.5,-140.25,90.0,top
D5,139.0,-145.0,0.0,top
D6,141.0,-145.0,0.0,top
D7,143.0,-145.0,0.0,top
D79,189.75,-86.0,180.0,top
D8,145.0,-145.0,0.0,top
D80,184.05,-61.2208,0.0,top
D81,192.25,-83.5,0.0,top
D82,176.5,-127.25,270.0,top
D83,195.5,-127.25,270.0,top
D84,135.0,-140.25,90.0,top
D85,135.0,-127.25,270.0,top
D86,154.0,-140.25,90.0,top
D87,154.0,-127.25,270.0,top
D88,173.0,-140.25,90.0,top
D89,173.0,-127.25,270.0,top
D9,147.0,-145.0,0.0,top
D90,192.0,-140.25,90.0,top
D91,192.0,-127.25,270.0,top
D92,147.75,-140.25,90.0,top
D93,147.75,-127.25,270.0,top
D94,144.25,-140.25,90.0,top
D95,144.25,-127.25,270.0,top
D96,166.75,-140.25,90.0,top
D97,166.75,-127.25,270.0,top
D98,163.25,-140.25,90.0,top
D99,163.25,-127.25,270.0,top
FB4,193.0,-70.0,90.0,top
J2,170.0,-149.75,0.0,top
J3,207.75,-96.5,180.0,top
L1,194.0,-95.5,270.0,top
Q3,198.0,-88.75,270.0,top
Q4,153.0,-103.25,270.0,top
Q5,198.0,-78.75,270.0,top
Q6,153.0,-97.25,270.0,top
R1,208.0,-107.0,180.0,top
R10,156.0,-106.25,180.0,top
R100,172.75,-75.0,0.0,top
R101,172.75,-73.75,0.0,top
R102,165.25,-75.25,0.0,top
R103,185.25,-87.5,270.0,top
R104,184.05,-64.9708,180.0,top
R105,184.05,-63.7208,0.0,top
R106,177.55,-61.9708,270.0,top
R107,186.75,-86.0,270.0,top
R108,167.58,-52.25,0.0,top
R109,167.58,-54.24,0.0,top
R11,156.0,-100.25,180.0,top
R110,140.25,-138.75,180.0,top
R111,133.75,-124.25,270.0,top
R112,152.75,-124.25,270.0,top
R113,159.25,-138.75,180.0,top
R114,159.75,-140.75,270.0,top
R115,171.75,-124.25,270.0,top
R116,178.25,-138.75,180.0,top
R117,178.75,-140.75,270.0,top
R118,190.75,-124.25,270.0,top
R119,197.25,-138.75,180.0,top
R12,198.0,-86.0,180.0,top
R120,197.75,-140.75,270.0,top
R121,133.75,-122.25,270.0,top
R122,152.75,-122.25,270.0,top
R123,171.75,-122.25,270.0,top
R124,190.75,-122.25,270.0,top
R125,140.5,-126.8,90.0,top
R126,140.25,-128.75,180.0,top
R127,136.0,-124.25,270.0,top
R128,136.0,-122.25,270.0,top
R129,159.5,-126.8,90.0,top
R13,149.55,-89.2158,180.0,top
R130,159.25,-128.75,180.0,top
R131,155.0,-124.25,270.0,top
R132,155.0,-122.25,270.0,top
R133,178.5,-126.8,90.0,top
R134,178.25,-128.75,180.0,top
R135,174.0,-124.25,270.0,top
R136,174.0,-122.25,270.0,top
R137,197.5,-126.8,90.0,top
R138,197.25,-128.75,180.0,top
R139,193.0,-124.25,270.0,top
R14,152.05,-89.2158,180.0,top
R140,193.0,-122.25,270.0,top
R141,132.75,-140.75,270.0,top
R142,132.9,-126.75,90.0,top
R143,133.25,-138.75,0.0,top
R144,133.25,-128.75,0.0,top
R145,138.5,-124.25,270.0,top
R146,140.75,-124.25,270.0,top
R147,138.5,-122.25,270.0,top
R148,140.75,-122.25,270.0,top
R149,151.75,-140.75,270.0,top
R15,146.8,-92.7158,90.0,top
R150,151.9,-126.75,90.0,top
R151,152.25,-138.75,0.0,top
R152,152.25,-128.75,0.0,top
R153,157.5,-124.25,270.0,top
R154,159.75,-124.25,270.0,top
R155,157.5,-122.25,270.0,top
R156,159.75,-122.25,270.0,top
R157,170.75,-140.75,270.0,top
R158,170.9,-126.75,90.0,top
R159,171.25,-138.75,0.0,top
R16,148.05,-94.9658,90.0,top
R160,171.25,-128.75,0.0,top
R161,176.5,-124.25,270.0,top
R162,178.75,-124.25,270.0,top
R163,176.5,-122.25,270.0,top
R164,178.75,-122.25,270.0,top
R165,189.75,-140.75,270.0,top
R166,189.9,-126.75,90.0,top
R167,190.25,-138.75,0.0,top
R168,190.25,-128.75,0.0,top
R169,195.5,-124.25,270.0,top
R17,140.5,-94.25,0.0,top
R170,197.75,-124.25,270.0,top
R171,195.5,-122.25,270.0,top
R172,197.75,-122.25,270.0,top
R173,150.0,-140.75,270.0,top
R174,150.0,-126.75,90.0,top
R175,142.0,-140.75,270.0,top
R176,142.2,-126.8,90.0,top
R177,149.5,-138.75,180.0,top
R178,149.5,-128.75,180.0,top
R179,142.5,-138.75,0.0,top
R18,143.0,-94.25,180.0,top
R180,142.5,-128.75,0.0,top
R181,143.0,-124.25,270.0,top
R182,145.25,-124.25,270.0,top
R183,147.75,-124.25,270.0,top
R184,150.0,-124.25,270.0,top
R185,143.0,-122.25,270.0,top
R186,145.25,-122.25,270.0,top
R187,147.75,-122.25,270.0,top
R188,150.0,-122.25,270.0,top
R189,169.0,-140.75,270.0,top
R19,132.495,-93.745,270.0,top
R190,169.0,-126.75,90.0,top
R191,161.0,-140.75,270.0,top
R192,161.2,-126.8,90.0,top
R193,168.5,-138.75,180.0,top
R194,168.5,-128.75,180.0,top
R195,161.5,-138.75,0.0,top
R196,161.5,-128.75,0.0,top
R197,162.0,-124.25,270.0,top
R198,164.25,-124.25,270.0,top
R199,166.75,-124.25,270.0,top
R2,201.75,-105.5,0.0,top
R20,143.05,-84.7158,90.0,top
R200,169.0,-124.25,270.0,top
R201,162.0,-122.25,270.0,top
R202,164.25,-122.25,270.0,top
R203,166.75,-122.25,270.0,top
R204,169.0,-122.25,270.0,top
R205,188.0,-140.75,270.0,top
R206,188.0,-126.75,90.0,top
R207,180.0,-140.75,270.0,top
R208,180.2,-126.8,90.0,top
R209,187.5,-138.75,180.0,top
R21,130.995,-93.745,270.0,top
R210,187.5,-128.75,180.0,top
R211,180.5,-138.75,0.0,top
R212,180.5,-128.75,0.0,top
R213,181.0,-124.25,270.0,top
R214,183.25,-124.25,270.0,top
R215,185.75,-124.25,270.0,top
R216,188.0,-124.25,270.0,top
R217,181.0,-122.25,270.0,top
R218,183.25,-122.25,270.0,top
R219,185.75,-122.25,270.0,top
R22,148.05,-92.7158,90.0,top
R220,188.0,-122.25,270.0,top
R221,207.0,-140.75,270.0,top
R222,207.0,-126.75,90.0,top
R223,199.0,-140.75,270.0,top
R224,199.2,-126.8,90.0,top
R225,206.5,-138.75,180.0,top
R226,206.5,-128.75,180.0,top
R227,199.5,-138.75,0.0,top
R228,199.5,-128.75,0.0,top
R229,200.0,-124.25,270.0,top
R23,145.55,-92.7158,270.0,top
R230,202.25,-124.25,270.0,top
R231,204.75,-124.25,270.0,top
R232,207.0,-124.25,270.0,top
R233,200.0,-122.25,270.0,top
R234,202.25,-122.25,270.0,top
R235,204.75,-122.25,270.0,top
R236,207.0,-122.25,270.0,top
R24,149.55,-94.9658,270.0,top
R25,140.5,-95.5,180.0,top
R26,143.0,-95.5,0.0,top
R27,149.55,-90.7158,180.0,top
R28,149.55,-92.7158,90.0,top
R29,134.25,-88.0,270.0,top
R30,136.55,-83.2158,180.0,top
R31,134.25,-85.75,270.0,top
R32,172.49,-52.25,0.0,top
R33,155.5,-66.0,180.0,top
R34,155.5,-60.0,180.0,top
R35,155.49,-70.48,0.0,top
R36,155.5,-63.0,180.0,top
R37,155.49,-68.98,0.0,top
R38,155.5,-58.5,0.0,top
R39,155.51,-67.48,0.0,top
R40,154.5,-71.75,0.0,top
R41,155.5,-64.5,0.0,top
R42,155.5,-61.5,0.0,top
R43,140.75,-140.75,270.0,top
R44,139.5,-143.5,270.0,top
R45,141.5,-143.5,270.0,top
R46,143.5,-143.5,270.0,top
R47,145.5,-143.5,270.0,top
R48,147.5,-143.5,270.0,top
R49,149.5,-143.5,270.0,top
R5,164.669841,-86.075,270.0,top
R50,151.5,-143.5,270.0,top
R51,153.5,-143.5,270.0,top
R52,155.5,-143.5,270.0,top
R53,157.5,-143.5,270.0,top
R54,159.5,-143.5,270.0,top
R55,161.5,-143.5,270.0,top
R56,163.5,-143.5,270.0,top
R57,165.5,-143.5,270.0,top
R58,167.5,-143.5,270.0,top
R59,169.5,-143.5,270.0,top
R6,166.169841,-84.575,270.0,top
R60,171.5,-143.5,270.0,top
R61,173.5,-143.5,270.0,top
R62,175.5,-143.5,270.0,top
R63,177.5,-143.5,270.0,top
R64,179.5,-143.5,270.0,top
R65,181.5,-143.5,270.0,top
R66,183.5,-143.5,270.0,top
R67,185.5,-143.5,270.0,top
R68,187.5,-143.5,270.0,top
R69,189.5,-143.5,270.0,top
R7,162.75,-96.0,0.0,top
R70,191.5,-143.5,270.0,top
R71,193.5,-143.5,270.0,top
R72,195.5,-143.5,270.0,top
R73,197.5,-143.5,270.0,top
R74,199.5,-143.5,270.0,top
R75,201.5,-143.5,270.0,top
R76,183.75,-66.4708,270.0,top
R78,177.75,-69.0,0.0,top
R79,177.75,-68.0,180.0,top
R8,159.25,-97.5,180.0,top
R80,185.75,-92.25,270.0,top
R81,188.5,-89.5,180.0,top
R82,187.5,-95.0,270.0,top
R83,187.5,-92.25,90.0,top
R84,145.7875,-97.0,270.0,top
R85,145.7875,-99.0,270.0,top
R86,145.7875,-101.0,270.0,top
R87,145.7875,-103.0,90.0,top
R88,145.7875,-105.75,270.0,top
R89,145.7875,-107.75,270.0,top
R9,162.75,-95.0,180.0,top
R90,145.7875,-109.75,270.0,top
R91,143.5375,-111.75,0.0,top
R92,198.5,-65.5,180.0,top
R93,195.5,-65.5,0.0,top
R94,206.0,-105.5,180.0,top
R95,203.75,-105.5,180.0,top
R96,199.5,-105.5,0.0,top
R97,197.5,-105.5,0.0,top
R98,200.5,-92.5,270.0,top
R99,198.0,-76.0,180.0,top
RJ1,142.25,-62.86,180.0,top
SW1,204.0,-86.0,0.0,top
SW2,204.0,-76.0,0.0,top
T1,145.0,-76.5,0.0,top
T2,179.5,-76.5,270.0,top
TP10,181.25,-111.75,0.0,top
TP100,160.75,-147.5,0.0,top
TP101,162.75,-147.5,0.0,top
TP102,164.75,-147.5,0.0,top
TP103,166.75,-147.5,0.0,top
TP104,168.75,-147.5,0.0,top
TP105,170.75,-147.5,0.0,top
TP106,172.75,-147.5,0.0,top
TP107,174.75,-147.5,0.0,top
TP108,176.75,-147.5,0.0,top
TP109,178.75,-147.5,0.0,top
TP110,180.75,-147.5,0.0,top
TP111,182.75,-147.5,0.0,top
TP112,184.75,-147.5,0.0,top
TP113,186.75,-147.5,0.0,top
TP114,188.75,-147.5,0.0,top
TP115,190.75,-147.5,0.0,top
TP116,192.75,-147.5,0.0,top
TP117,194.75,-147.5,0.0,top
TP118,196.75,-147.5,0.0,top
TP119,198.75,-147.5,0.0,top
TP12,200.0,-107.0,270.0,top
TP120,200.75,-147.5,0.0,top
TP121,202.75,-147.5,0.0,top
TP122,165.75,-57.75,0.0,top
TP123,187.0,-82.0,0.0,top
TP124,175.5,-90.75,0.0,top
TP125,177.75,-66.5,0.0,top
TP126,173.75,-70.5,0.0,top
TP127,178.75,-84.5,0.0,top
TP128,204.75,-100.25,180.0,top
TP129,204.75,-97.75,180.0,top
TP13,181.25,-109.75,0.0,top
TP130,204.75,-95.25,180.0,top
TP131,204.75,-92.75,180.0,top
TP132,204.75,-90.25,180.0,top
TP133,193.0,-86.0,0.0,top
TP134,191.25,-96.5,0.0,top
TP135,188.5,-97.0,0.0,top
TP136,133.75,-120.0,0.0,top
TP137,135.75,-120.0,0.0,top
TP138,137.75,-120.0,0.0,top
TP139,139.75,-120.0,0.0,top
TP14,163.5,-111.75,0.0,top
TP140,141.75,-120.0,0.0,top
TP141,143.75,-120.0,0.0,top
TP142,145.75,-120.0,0.0,top
TP143,147.75,-120.0,0.0,top
TP144,135.25,-117.5,0.0,top
TP145,152.75,-120.0,0.0,top
TP146,154.75,-120.0,0.0,top
TP147,156.75,-120.0,0.0,top
TP148,158.75,-120.0,0.0,top
TP149,160.75,-120.0,0.0,top
TP150,162.75,-120.0,0.0,top
TP151,164.75,-120.0,0.0,top
TP152,166.75,-120.0,0.0,top
TP153,154.25,-117.5,0.0,top
TP154,171.75,-120.0,0.0,top
TP155,173.75,-120.0,0.0,top
TP156,175.75,-120.0,0.0,top
TP157,177.75,-120.0,0.0,top
TP158,179.75,-120.0,0.0,top
TP159,181.75,-120.0,0.0,top
TP16,165.25,-110.5,0.0,top
TP160,183.75,-120.0,0.0,top
TP161,185.75,-120.0,0.0,top
TP162,173.25,-117.5,0.0,top
TP163,190.75,-120.0,0.0,top
TP164,192.75,-120.0,0.0,top
TP165,194.75,-120.0,0.0,top
TP166,196.75,-120.0,0.0,top
TP167,198.75,-120.0,0.0,top
TP168,200.75,-120.0,0.0,top
TP169,202.75,-120.0,0.0,top
TP170,204.75,-120.0,0.0,top
TP171,192.25,-117.5,0.0,top
TP172,193.0,-67.5,0.0,top
TP173,201.5,-67.5,0.0,top
TP174,201.5,-69.5,0.0,top
TP175,198.0,-71.05,0.0,top
TP176,196.0,-71.05,0.0,top
TP177,201.5,-65.5,0.0,top
TP178,206.75,-64.5,0.0,top
TP179,206.75,-66.75,0.0,top
TP18,176.25,-113.0,0.0,top
TP180,185.275,-57.025,0.0,top
TP181,164.0,-69.0,0.0,top
TP182,204.75,-102.75,180.0,top
TP183,138.25,-137.5,0.0,top
TP184,157.25,-137.5,0.0,top
TP185,176.25,-137.5,0.0,top
TP186,195.25,-137.5,0.0,top
TP187,138.25,-130.0,0.0,top
TP188,157.25,-130.0,0.0,top
TP189,176.25,-130.0,0.0,top
TP190,195.25,-130.0,0.0,top
TP191,135.25,-137.5,0.0,top
TP192,135.25,-130.0,0.0,top
TP193,154.25,-137.5,0.0,top
TP194,154.25,-130.0,0.0,top
TP195,173.25,-137.5,0.0,top
TP196,173.25,-130.0,0.0,top
TP197,192.25,-137.5,0.0,top
TP198,192.25,-130.0,0.0,top
TP199,147.5,-137.5,0.0,top
TP2,206.0,-107.0,270.0,top
TP20,171.5,-115.0,0.0,top
TP200,147.5,-130.0,0.0,top
TP201,144.5,-137.5,0.0,top
TP202,144.5,-130.0,0.0,top
TP203,166.5,-137.5,0.0,top
TP204,166.5,-130.0,0.0,top
TP205,163.5,-137.5,0.0,top
TP206,163.5,-130.0,0.0,top
TP207,185.5,-137.5,0.0,top
TP208,185.5,-130.0,0.0,top
TP209,182.5,-137.5,0.0,top
TP210,182.5,-130.0,0.0,top
TP211,204.5,-137.5,0.0,top
TP212,204.5,-130.0,0.0,top
TP213,201.5,-137.5,0.0,top
TP214,201.5,-130.0,0.0,top
TP215,180.0,-48.25,0.0,top
TP22,175.5,-115.0,0.0,top
TP23,191.75,-108.25,0.0,top
TP24,173.5,-115.0,0.0,top
TP25,192.5,-115.0,0.0,top
TP26,177.5,-115.0,0.0,top
TP27,196.5,-115.0,0.0,top
TP28,120.25,-88.75,0.0,top
TP29,184.5,-96.5,0.0,top
TP3,204.0,-107.0,270.0,top
TP30,123.0,-90.75,0.0,top
TP31,186.0,-95.0,0.0,top
TP32,152.5,-115.0,0.0,top
TP33,189.5,-108.0,0.0,top
TP34,156.5,-115.0,0.0,top
TP35,189.5,-106.0,0.0,top
TP36,154.5,-115.0,0.0,top
TP37,191.75,-106.25,0.0,top
TP38,158.5,-115.0,0.0,top
TP39,185.5,-101.25,0.0,top
TP40,173.0,-113.0,0.0,top
TP41,186.5,-97.0,0.0,top
TP42,183.0,-112.75,0.0,top
TP43,190.5,-115.0,0.0,top
TP44,194.5,-115.0,0.0,top
TP45,122.5,-93.75,0.0,top
TP46,180.5,-92.3,0.0,top
TP48,182.6,-95.6,0.0,top
TP5,179.25,-112.25,0.0,top
TP50,178.5,-92.5,0.0,top
TP51,161.25,-102.75,0.0,top
TP52,179.5,-90.5,0.0,top
TP53,160.25,-105.75,0.0,top
TP54,181.0,-94.25,0.0,top
TP55,144.25,-106.25,0.0,top
TP56,157.0,-89.25,0.0,top
TP57,144.2875,-101.0,0.0,top
TP58,125.0,-91.5,0.0,top
TP59,144.25,-110.25,0.0,top
TP60,117.5,-91.0,0.0,top
TP61,144.2875,-108.25,0.0,top
TP62,125.75,-94.0,0.0,top
TP63,144.2875,-103.0,0.0,top
TP64,125.5,-87.25,0.0,top
TP65,144.2875,-99.0,0.0,top
TP66,114.0,-93.75,0.0,top
TP67,144.25,-97.0,0.0,top
TP68,119.75,-94.25,0.0,top
TP69,177.5,-90.75,0.0,top
TP7,202.0,-107.0,270.0,top
TP70,161.25,-85.25,0.0,top
TP71,133.5,-115.0,0.0,top
TP72,162.75,-83.5,0.0,top
TP73,137.5,-115.0,0.0,top
TP74,135.5,-115.0,0.0,top
TP75,162.75,-93.5,0.0,top
TP76,139.5,-115.0,0.0,top
TP77,164.75,-88.75,0.0,top
TP78,164.75,-94.75,0.0,top
TP79,166.5,-87.75,0.0,top
TP80,165.75,-93.0,0.0,top
TP81,158.75,-95.75,0.0,top
TP82,140.75,-70.0,0.0,top
TP83,142.75,-70.0,0.0,top
TP84,147.0,-70.0,0.0,top
TP85,144.8,-70.0,0.0,top
TP86,152.75,-67.5,0.0,top
TP87,149.5,-70.0,0.0,top
TP88,152.25,-58.5,0.0,top
TP89,152.25,-60.5,0.0,top
TP9,198.0,-107.0,270.0,top
TP90,140.75,-147.5,0.0,top
TP91,142.75,-147.5,0.0,top
TP92,144.75,-147.5,0.0,top
TP93,146.75,-147.5,0.0,top
TP94,148.75,-147.5,0.0,top
TP95,150.75,-147.5,0.0,top
TP96,152.75,-147.5,0.0,top
TP97,154.75,-147.5,0.0,top
TP98,156.75,-147.5,0.0,top
TP99,158.75,-147.5,0.0,top
U1,173.0,-102.25,90.0,top
U12,169.0,-73.6446,90.0,top
U13,197.0,-73.5,90.0,top
U14,202.5,-94.0,270.0,top
U15,136.75,-105.0,270.0,top
U16,148.2875,-99.0,270.0,top
U17,148.2875,-109.25,270.0,top
U18,136.75,-133.75,0.0,top
U19,155.75,-133.75,0.0,top
U2,145.0,-88.75,0.0,top
U20,174.75,-133.75,0.0,top
U21,193.75,-133.75,0.0,top
U22,146.0,-133.75,0.0,top
U23,165.0,-133.75,0.0,top
U24,184.0,-133.75,0.0,top
U25,203.0,-133.75,0.0,top
U3,160.5,-65.575,270.0,top
U4,160.5,-72.325,270.0,top
U5,180.5,-64.0,270.0,top
U6,197.0,-68.05,0.0,top
U7,190.0,-92.5,90.0,top
USB1,197.0,-60.0,180.0,top
X1,136.5,-92.25,180.0,top
X2,183.5,-107.25,90.0,top
X3,159.0,-101.25,90.0,top
